testKey,–¢–µ—Å—Ç
Settings_Header,–ù–∞—Å—Ç—Ä–æ–π–∫–∏
Settings_Music,–ú—É–∑—ã–∫–∞
Settings_Sounds,–ó–≤—É–∫–∏
Settings_Language,–Ø–∑—ã–∫
Quit,–í—ã–π—Ç–∏ –∏–∑ –∏–≥—Ä—ã
Quit_Accept0,–í—ã –ø—Ä–∞–≤–¥–∞ —Ö–æ—Ç–∏—Ç–µ –≤—ã–π—Ç–∏?
Quest_Awakening0,–ü—Ä–æ—Å–Ω—É—Ç—å—Å—è
Quest_Door0,–í—ã–π—Ç–∏ –Ω–∞ –ø—Ä–æ–±–µ–∂–∫—É
Quest_Flower0,–ü–æ–ª–∏—Ç—å —Ü–≤–µ—Ç–æ–∫
Quest_Kitchen0,–ü—Ä–∏–≥–æ—Ç–æ–≤–∏—Ç—å –ø–æ–µ—Å—Ç—å
Quest_Computer0,–ó–∞–∫–æ–Ω—á–∏—Ç—å —Ä–∞–±–æ—á–∏–π –¥–µ–Ω—å
Quest_Sleep0,–ó–∞–∫–æ–Ω—á–∏—Ç—å –¥–µ–Ω—å
Day1_Bed0,–Ø –µ—â–µ –Ω–µ —Ö–æ—á—É —Å–ø–∞—Ç—å.
Day1_Bed1,–†–∞–Ω–æ –µ—â–µ.
Day2_Bed0,–Ø –µ—â–µ –Ω–µ —Ö–æ—á—É —Å–ø–∞—Ç—å.
Day2_Bed1,–Ø –µ—â–µ –Ω–µ –≤—Å–µ —Å–¥–µ–ª–∞–ª–∞.
Day3_Bed0,–Ø –µ—â–µ –Ω–µ —Ö–æ—á—É —Å–ø–∞—Ç—å.
Day3_Bed1,–ù–µ—Ç.
Day4_Bed0,–Ø –µ—â–µ –Ω–µ —Ö–æ—á—É —Å–ø–∞—Ç—å.
Day4_Bed1,"–•–æ—á–µ—Ç—Å—è —Å–ø–∞—Ç—å, –Ω–æ –µ—â–µ —Ä–∞–Ω–æ."
Day5_Bed0,–Ø –µ—â–µ –Ω–µ —Ö–æ—á—É —Å–ø–∞—Ç—å.
Day5_Bed1,–Ø –¥–æ–ª–∂–Ω–∞ —Å–¥–µ–ª–∞—Ç—å —Ö–æ—Ç—å —á—Ç–æ-—Ç–æ...
Day6_Bed0,–Ø –µ—â–µ –Ω–µ —Ö–æ—á—É —Å–ø–∞—Ç—å.
Day6_Bed1,"–¢—è–∂–µ–ª–æ, –Ω–æ –Ω—É–∂–Ω–æ —Ö–æ—Ç—å
—á—Ç–æ-—Ç–æ —Å–¥–µ–ª–∞—Ç—å..."
Day1_Awakening,–ù–æ–≤—ã–π –¥–µ–Ω—å. –ù–∞—á–Ω—ë–º.
Day2_Awakening,"–°—Ç—Ä–∞–Ω–Ω–æ —Å–µ–±—è —á—É–≤—Å—Ç–≤—É—é.
–ù–∞–≤–µ—Ä–Ω–æ–µ, —É—Å—Ç–∞–ª–∞."
Day3_Awakening,"–°–æ–Ω –Ω–µ –ø–æ–º–æ–≥. –ù–∞–¥–æ –ø—Ä–æ—Å—Ç–æ
–Ω–∞—á–∞—Ç—å –¥–≤–∏–≥–∞—Ç—å—Å—è."
Day4_Awakening,–ö–∞–∫ –±—É–¥—Ç–æ —Ç–µ–ª–æ —á—É–∂–æ–µ.
Day5_Awakening,–ö–∞–∫ —Ç—è–∂–µ–ª–æ‚Ä¶
Day1_Sleep,–•–æ—Ä–æ—à–æ –±—ã –≤—ã—Å–ø–∞—Ç—å—Å—è.
Day2_Sleep,"–ù–∏–∫–∞–∫ –Ω–µ –≤—ã–∫–∏–Ω—É—Ç—å
—ç—Ç–æ –∏–∑ –≥–æ–ª–æ–≤—ã."
Day3_Sleep,–ê –µ—Å–ª–∏ –∑–∞–≤—Ç—Ä–∞ –±—É–¥–µ—Ç —Ö—É–∂–µ?
Day4_Sleep,"–ü–æ–∂–∞–ª—É–π—Å—Ç–∞, –ø—É—Å—Ç—å –ø—Ä–æ—Å—Ç–æ 
–≤—ã–∫–ª—é—á–∏—Ç—Å—è –≤—Å—ë."
Day1_Door_Win,–ü–æ—Å–ª–µ –ø—Ä–æ–±–µ–∂–∫–∏ –±–æ–ª—å—à–µ —ç–Ω–µ—Ä–≥–∏–∏.
Day1_Door_Defeat,–£–∂–µ –Ω–µ—Ç –≤—Ä–µ–º–µ–Ω–∏ –¥–∞–ª—å—à–µ –±–µ–∂–∞—Ç—å.
Day2_Door_Win,–í—Å–µ –µ—â–µ –≤ —Ñ–æ—Ä–º–µ.
Day2_Door_Defeat,–°–µ–≥–æ–¥–Ω—è –∫–∞–∫-—Ç–æ —Ç—è–∂–µ–ª–æ –±—ã–ª–æ‚Ä¶
Day3_Door_Win,"–ë—ã–ª–æ —Å–ª–æ–∂–Ω–æ, –Ω–æ —è –Ω–µ —Å–¥–∞–º—Å—è."
Day3_Door_Defeat,–ë—ã–ª–æ —Å–ª–æ–∂–Ω–æ...
Day4_Door_Win,–°–µ—Ä–¥—Ü–µ –∫–æ–ª–æ—Ç–∏—Ç—Å—è.
Day4_Door_Defeat,–Ø –Ω–µ –º–æ–≥—É –±–æ–ª—å—à–µ...
Day5_Door_Win,–í—Å–µ –µ—â–µ –º–æ–≥—É?
Day5_Door_Defeat,"–ö–∞–∂–µ—Ç—Å—è, —è —É–∂–µ –Ω–µ –≤ —Ç–æ–π —Ñ–æ—Ä–º–µ."
Day6_Door0,–ù–µ—Ç. –°–µ–≥–æ–¥–Ω—è ‚Äî –Ω–µ—Ç.
Day6_Door1,–Ø –Ω–µ –º–æ–≥—É –±–æ–ª—å—à–µ...
Flower_WateringCup,–ù—É–∂–Ω–∞ –ª–µ–π–∫–∞.
Day1_Flower_Win,"–†–∞—Å—Ç–∏, –º–æ–π —Ü–≤–µ—Ç–æ–∫."
Day1_Flower_Defeat,"–ù–∏—á–µ–≥–æ, –≤ —Å–ª–µ–¥—É—é—â–∏–π —Ä–∞–∑
–ø–æ–ª—É—á–∏—Ç—Å—è."
Day2_Flower_Win,–£ —Ç–µ–±—è –≤—Å–µ –ø–æ–ª—É—á–∏—Ç—Å—è.
Day2_Flower_Defeat,"–ó–∞—Å–æ—Ö–Ω—É—Ç—å –ø—Ä–æ—â–µ,
—á–µ–º —è –¥—É–º–∞–ª–∞."
Day3_Flower_Win,"–ú–Ω–µ –≥–æ–≤–æ—Ä—è—Ç ¬´–î–µ—Ä–∂–∏—Å—å¬ª. \n –ò —Ç—ã –¥–µ—Ä–∂–∏—Å—å, –∞–≥–∞."
Day3_Flower_Defeat,"¬´–î–µ—Ä–∂–∏—Å—å¬ª?
–ê –∑–∞ —á—Ç–æ –¥–µ—Ä–∂–∞—Ç—å—Å—è —Ç–æ?"
Day4_Flower_Win,–ú—ã –ø–æ—Ö–æ–∂–∏.
Day4_Flower_Defeat,–ú—ã –ø–æ—Ö–æ–∂–∏.
Day5_Flower_Win,"–ö–∞–∂–µ—Ç—Å—è, –º—ã –æ–±–∞ —Ç–µ—Ä—è–µ–º —Ñ–æ—Ä–º—É."
Day5_Flower_Defeat,"–ö–∞–∂–µ—Ç—Å—è, –º—ã –æ–±–∞ —Ç–µ—Ä—è–µ–º —Ñ–æ—Ä–º—É."
Day6_Flower_Win,–ü—Ä–æ—Å—Ç–∏.
Day6_Flower_Defeat,–ü—Ä–æ—Å—Ç–∏.
Day1_Kitchen_Win,–ü—Ä–æ—Å—Ç–∞—è –µ–¥–∞ —Å–∞–º–∞—è –≤–∫—É—Å–Ω–∞—è.
Day1_Kitchen_Defeat,–ù–∞–¥–æ –±—ã–ª–æ –∑–∞–∫–∞–∑–∞—Ç—å –¥–æ—Å—Ç–∞–≤–∫—É.
Day2_Kitchen_Win,–í–∫—É—Å–Ω–æ.
Day2_Kitchen_Defeat,–ß—Ç–æ-—Ç–æ –∞–ø–ø–µ—Ç–∏—Ç–∞ –Ω–µ—Ç.
Day3_Kitchen_Win,...
Day3_Kitchen_Defeat,–í–∫—É—Å –±—É–¥—Ç–æ –ø–æ—Ç–µ—Ä—è–ª—Å—è.
Day4_Kitchen_Win,–ù–∞ –≤–∫—É—Å –∫–∞–∫ —Å—Ç–∏—Ä–∞–ª—å–Ω—ã–π –ø–æ—Ä–æ—à–æ–∫.
Day4_Kitchen_Defeat,...
Day5_Kitchen_Win,–ù–µ –º–æ–≥—É. –ü—Ä–æ—Å—Ç–æ –Ω–µ –º–æ–≥—É.
Day5_Kitchen_Defeat,–ù–µ –º–æ–≥—É. –ü—Ä–æ—Å—Ç–æ –Ω–µ –º–æ–≥—É.
Day6_Kitchen_Win,"–Ø –Ω–∏—á–µ–≥–æ –Ω–µ —á—É–≤—Å—Ç–≤—É—é.
–ù–∏ –≥–æ–ª–æ–¥–∞, –Ω–∏ –≤–∫—É—Å–∞."
Day6_Kitchen_Defeat,"–Ø –Ω–∏—á–µ–≥–æ –Ω–µ —á—É–≤—Å—Ç–≤—É—é.
–ù–∏ –≥–æ–ª–æ–¥–∞, –Ω–∏ –≤–∫—É—Å–∞."
Computer_UI_Letter_Head,–û—Ç –∫–æ–≥–æ:
Computer_UI_Attempt,–ù–µ–ø—Ä–æ—á–∏—Ç–∞–Ω–Ω—ã—Ö –ø–∏—Å–µ–º:
Computer_UI_Delete,–£–¥–∞–ª–∏—Ç—å
Computer_UI_Accept,–ü—Ä–∏–Ω—è—Ç—å
Computer_UI_Final,–†–∞–±–æ—Ç–∞ –∑–∞–≤–µ—Ä—à–µ–Ω–∞
Computer_UI_Correctly,–ü—Ä–∞–≤–∏–ª—å–Ω–æ:
Computer_UI_Wrong,–ù–µ–ø—Ä–∞–≤–∏–ª—å–Ω–æ:
Computer_UI_Button0,–ó–∞–≤–µ—Ä—à–∏—Ç—å
Computer_UI_Button1,–ß—Ç–æ?
Computer_UI_Glitch,"¬´–†–µ–∑—É–ª—å—Ç–∞—Ç—ã –æ–±—Å–ª–µ–¥–æ–≤–∞–Ω–∏—è...¬ª
 ¬´...—Ä–µ–∫–æ–º–µ–Ω–¥–æ–≤–∞–Ω–æ —Å—Ä–æ—á–Ω–æ–µ –æ–±—Ä–∞—â–µ–Ω–∏–µ...¬ª"
Day1_Computer_Win,–•–æ—Ä–æ—à–∞—è —Ä–∞–±–æ—Ç–∞.
Day1_Computer_Defeat,...
Day2_Computer_Win,"–ú–æ–∂–µ—Ç –±—ã—Ç—å, —ç—Ç–æ —à—É—Ç–∫–∞?"
Day2_Computer_Defeat,"–ù–∏–∫–∞–∫ –Ω–µ –º–æ–≥—É –≤—ã–∫–∏–Ω—É—Ç—å
—ç—Ç–æ –∏–∑ –≥–æ–ª–æ–≤—ã..."
Day3_Computer_Win,"–ù—É, —è —Å–¥–µ–ª–∞–ª–∞ –≤—Å–µ, —á—Ç–æ –º–æ–≥–ª–∞."
Day3_Computer_Defeat,–ù–µ –º–æ–≥—É —Å–æ—Å—Ä–µ–¥–æ—Ç–æ—á–∏—Ç—å—Å—è.
Day4_Computer_Win,...
Day4_Computer_Defeat,"¬´–î–µ—Ä–∂–∏—Å—å¬ª?
–ß—Ç–æ –∑–Ω–∞—á–∏—Ç ¬´–¥–µ—Ä–∂–∏—Å—å¬ª?!"
Day5_Computer_Win,–í—Å–µ –ø–∏—Å—å–º–∞ –±—É–¥—Ç–æ –æ–± –æ–¥–Ω–æ–º.
Day5_Computer_Defeat,–ë—É–∫–≤—ã –ø–ª—ã–≤—É—Ç.
Day6_Computer0,"–ß—Ç–æ —Ç–∞–º –Ω–∞–ø–∏—Å–∞–Ω–æ?
–ù–µ —Ä–∞–∑–æ–±—Ä–∞—Ç—å."
Day6_Computer1,–í—Å–µ –≤—ã–≥–ª—è–¥–∏—Ç –∫–∞–∫ –∏–∑–¥—ë–≤–∫–∞.
Day6_Computer2,–Ø –Ω–µ –º–æ–≥—É —ç—Ç–æ —á–∏—Ç–∞—Ç—å.
Day1_Guitar0,"–ü–æ–º–Ω—é, –∫–∞–∫ –º—ã –ø–µ–ª–∏
–≤—á–µ—Ç–≤–µ—Ä–æ–º –Ω–∞ –∫—É—Ö–Ω–µ‚Ä¶"
Day1_Guitar1,–ú—ã –¥–∞–∂–µ —Ö–æ—Ç–µ–ª–∏ –∏–≥—Ä–∞—Ç—å –Ω–∞ —Å—Ü–µ–Ω–µ...
Day1_Guitar2,"–î–∞–≤–Ω–æ –Ω–µ –∏–≥—Ä–∞–ª–∞.
–ù–∞–¥–æ –±—É–¥–µ—Ç –∫–∞–∫-–Ω–∏–±—É–¥—å –Ω–∞—Å—Ç—Ä–æ–∏—Ç—å –µ–µ."
Day2_Guitar0,"–†–∞–Ω—å—à–µ –º—ã —Ç–∞—â–∏–ª–∏ –µ—ë –∫ –æ–∑–µ—Ä—É:
–∫–æ—Å—Ç—ë—Ä, –º–æ–∫—Ä—ã–π –ø–µ—Å–æ–∫,
—Å—Ç—Ä—É–Ω—ã –ø–∞—Ö–Ω—É—Ç –¥—ã–º–æ–º..."
Day2_Guitar1,"–¢–µ–ø–µ—Ä—å –º–µ—á—É—Å—å –º–µ–∂–¥—É
–¥–µ–¥–ª–∞–π–Ω–∞–º–∏ –∏ –∫–∞–±–∏–Ω–µ—Ç–∞–º–∏,
–∞ –∫–æ—Å—Ç—Ä—ã —Ç–æ–ª—å–∫–æ –Ω–∞ —Ñ–æ—Ç–æ."
Day2_Guitar2,–ö–æ–≥–¥–∞-–Ω–∏–±—É–¥—å —è —Å–Ω–æ–≤–∞ –≤–æ–∑—å–º—É —Ç–µ–±—è –≤ —Ä—É–∫–∏.
Day3_Guitar0,"–ù–µ –º–æ–≥—É –¥–∞–∂–µ –≤—Å–ø–æ–º–Ω–∏—Ç—å,
–Ω–∞ –∫–∞–∫–æ–º –ª–∞–¥—É –∏–≥—Ä–∞–µ—Ç—Å—è A minor."
Day3_Guitar1,"–ü–∞–ª—å—Ü—ã –¥—Ä–æ–∂–∞—Ç,
–∞ –≤ –≥–æ–ª–æ–≤–µ —Ç–æ–ª—å–∫–æ —Å–ø–∏—Å–∫–∏ –∞–Ω–∞–ª–∏–∑–æ–≤."
Day3_Guitar2,"–ì–∏—Ç–∞—Ä–∞ —Å—Ç–æ–∏—Ç.
–ù–µ —Ç—Ä–æ–≥–∞—é.
–ù–µ —Å–µ–π—á–∞—Å."
Day4_Guitar0,"–ü–æ—Ä–≤–∞–ª–∞—Å—å —Å—Ç—Ä—É–Ω–∞.
–°–∏–º–≤–æ–ª–∏—á–Ω–æ."
Day4_Guitar1,"–î–∞–∂–µ –Ω–µ —Ö–æ—á—É –º–µ–Ω—è—Ç—å.
–ü—É—Å—Ç—å –∑–≤–µ–Ω–∏—Ç –∫—Ä–∏–≤–æ."
Day4_Guitar2,"–°—Ç—Ä—É–Ω—ã –∑–≤–µ–Ω—è—Ç —Å–ª–∏—à–∫–æ–º –≥—Ä–æ–º–∫–æ.
–†–∞–∑–¥—Ä–∞–∂–∞–µ—Ç."
Day5_Guitar0,"–•–æ—á—É, —á—Ç–æ–±—ã –æ–Ω–∞ —Å–Ω–æ–≤–∞ –∑–≤—É—á–∞–ª–∞.
–ù–æ –Ω–µ –º–æ–≥—É."
Day5_Guitar1,"–ü—ã–ª—å–Ω–∞—è.
–ö–∞–∫ –±—É–¥—Ç–æ —á—É–∂–∞—è."
Day5_Guitar2,"–ì–∏—Ç–∞—Ä–∞ –Ω–µ —É–∑–Ω–∞—ë—Ç –º–µ–Ω—è.
–ò —è –µ—ë —Ç–æ–∂–µ."
Day6_Guitar0,–®—É–º –≤–Ω—É—Ç—Ä–∏ –≥–æ–ª–æ–≤—ã –≥–ª—É—à–∏—Ç –≤—Å—ë.
Day6_Guitar1,"–°–ª–∏—à–∫–æ–º —Ç—è–∂—ë–ª–∞—è.
–î–∞–∂–µ –≤–∑–≥–ª—è–¥ —Å–∫–æ–ª—å–∑–∏—Ç –º–∏–º–æ."
Day6_Guitar2,–£ –º–µ–Ω—è –Ω–µ—Ç —Å–∏–ª.
Day1_Painting0,"–Ø —Ç–æ–≥–¥–∞ –≤–¥—Ä—É–≥ —Ä–µ—à–∏–ª–∞,
—á—Ç–æ –±—É–¥—É —Ä–∏—Å–æ–≤–∞—Ç—å..."
Day1_Painting1,"–ö—É–ø–∏–ª–∞ –∫–∏—Å—Ç–∏, —Ö–æ–ª—Å—Ç—ã,
–¥–∞–∂–µ –ø—Ä–∏—Ç–∞—â–∏–ª–∞ –º–æ–ª—å–±–µ—Ä—Ç —Å –¥–∞—á–∏..."
Day1_Painting2,–¢–∞–∫ –Ω–∏ –æ–¥–Ω—É –∏ –Ω–µ –∑–∞–∫–æ–Ω—á–∏–ª–∞.
Day2_Painting0,"–ö–∞–∂–¥—ã–π —Ä–∞–∑ –≥–æ–≤–æ—Ä–∏–ª–∞ —Å–µ–±–µ:
¬´–í–æ—Ç –∑–∞–∫–æ–Ω—á—É –ø—Ä–æ–µ–∫—Ç –∏ —Å—è–¥—É —Ä–∏—Å–æ–≤–∞—Ç—å¬ª..."
Day2_Painting1,"–ü–æ—Ç–æ–º –µ—â—ë –æ–¥–∏–Ω –¥–µ–¥–ª–∞–π–Ω.
–ò –µ—â—ë..."
Day2_Painting2,"–•–æ–ª—Å—Ç—ã –ª–µ–∂–∞—Ç.
–ñ–¥—É—Ç, –∫–∞–∫ –∏ —è."
Day3_Painting0,"–û–¥–Ω–∞–∂–¥—ã –≤–∑—è–ª–∞ –∫–∏—Å—Ç—å
–∏ –ø—Ä–æ—Å—Ç–æ —É—Å—Ç–∞–≤–∏–ª–∞—Å—å –≤ —Ö–æ–ª—Å—Ç..."
Day3_Painting1,"–ù–µ –±—ã–ª–æ –Ω–∏ –æ–±—Ä–∞–∑–∞, –Ω–∏ –∂–µ–ª–∞–Ω–∏—è.
–¢–æ–ª—å–∫–æ –≥—É–ª –≤ –≥–æ–ª–æ–≤–µ..."
Day3_Painting2,"–û—Ç–ª–æ–∂–∏–ª–∞ –∫–∏—Å—Ç—å.
–î–∞–∂–µ –≤–æ–¥—É –Ω–µ –≤—ã–ª–∏–ª–∞."
Day4_Painting0,"–≠—Ç–∏ —Ö–æ–ª—Å—Ç—ã –¥–∞–≤—è—Ç,
–∫–∞–∫ –Ω–µ–∑–∞–∫—Ä—ã—Ç—ã–µ –≥–µ—à—Ç–∞–ª—å—Ç—ã..."
Day4_Painting1,"–í—Å—ë, —á—Ç–æ –Ω–µ –∑–∞–≤–µ—Ä—à–µ–Ω–æ,
–Ω–∞—á–∏–Ω–∞–µ—Ç –∑–≤—É—á–∞—Ç—å –≥—Ä–æ–º—á–µ..."
Day4_Painting2,–ß—Ç–æ —è —Ö–æ—Ç–µ–ª–∞ –∏–º–∏ —Å–∫–∞–∑–∞—Ç—å?
Day5_Painting0,"–°–Ω–µ—Å–ª–∞ –≤—Å—ë –≤ —É–≥–æ–ª.
–ó–∞–¥–µ–≤–∞–ª–∞ –∫–∞–∂–¥—ã–π —Ä–∞–∑, –∑–ª–∏–ª–∞—Å—å..."
Day5_Painting1,"–•–æ—Ç–µ–ª–∞ –≤—ã–±—Ä–æ—Å–∏—Ç—å,
–Ω–æ —Ä—É–∫–∞ –Ω–µ –ø–æ–¥–Ω—è–ª–∞—Å—å..."
Day5_Painting2,"–ü—Ä–æ—Å—Ç–æ –º–µ—à–∞—é—Ç—Å—è.
–ö–∞–∫ –∏ –º–Ω–æ–≥–æ–µ."
Day6_Painting0,"–°–ª–∏—à–∫–æ–º –º–Ω–æ–≥–æ –ø—É—Å—Ç–æ—Ç—ã.
–ò –≤–Ω—É—Ç—Ä–∏, –∏ –Ω–∞ —Ö–æ–ª—Å—Ç–µ..."
Day6_Painting1,–°–ª–∏—à–∫–æ–º –ø–æ–∑–¥–Ω–æ —á—Ç–æ-—Ç–æ –∑–∞–≤–µ—Ä—à–∞—Ç—å...
Day6_Painting2,–ù–∏–∫—Ç–æ –≤–µ–¥—å –∏ –Ω–µ —É–≤–∏–¥–∏—Ç.
Day1_Books0,"–Ø –≤–µ—á–Ω–æ —Ç–∞—â–∏–ª–∞ –∫–Ω–∏–≥–∏
—Å —Ä–∞—Å–ø—Ä–æ–¥–∞–∂ –¥–ª—è –≤–¥–æ—Ö–Ω–æ–≤–µ–Ω–∏—è..."
Day1_Books1,"–ò–Ω–æ–≥–¥–∞ —á–∏—Ç–∞–ª–∞ –ø–æ –Ω–æ—á–∞–º,
–¥–µ–ª–∞–ª–∞ –∑–∞–∫–ª–∞–¥–∫–∏,
–ø–∏—Å–∞–ª–∞ –Ω–∞ –ø–æ–ª—è—Ö..."
Day1_Books2,–ù–∞–¥–æ –±—É–¥–µ—Ç –¥–æ—á–∏—Ç–∞—Ç—å —Ö–æ—Ç—è –±—ã –æ–¥–Ω—É.
Day2_Books0,–ó–∞–∫–ª–∞–¥–∫–∞ –≤—Å—ë –µ—â—ë –Ω–∞ —Ç–æ–π –∂–µ —Å—Ç—Ä–∞–Ω–∏—Ü–µ...
Day2_Books1,"–ò–Ω—Ç–µ—Ä–µ—Å–Ω–æ, –æ —á—ë–º —ç—Ç–∞ –±—ã–ª–∞?
–ó–∞–±—ã–ª–∞."
Day2_Books2,"–ö–Ω–∏–≥–∏ —Å–º–æ—Ç—Ä—è—Ç –Ω–∞ –º–µ–Ω—è
–æ—Å—É–∂–¥–∞—é—â–µ."
Day3_Books0,"–ú–æ–∑–≥ –æ—Ç–∫–∞–∑—ã–≤–∞–µ—Ç—Å—è
–≤–æ—Å–ø—Ä–∏–Ω–∏–º–∞—Ç—å —Ç–µ–∫—Å—Ç."
Day3_Books1,"–ù–µ –º–æ–≥—É —É–¥–µ—Ä–∂–∞—Ç—å
–Ω–∏ –æ–¥–Ω–æ–π –º—ã—Å–ª–∏."
Day3_Books2,"–ë–µ—Å—Å–º—ã—Å–ª–µ–Ω–Ω—ã–µ —Å–ª–æ–≤–∞,
–æ–±—ë—Ä–Ω—É—Ç—ã–µ –≤ –±—É–º–∞–≥—É."
Day4_Books0,"–ß—Ç–æ –æ–Ω–∏ –º–æ–≥—É—Ç –º–Ω–µ —Å–∫–∞–∑–∞—Ç—å,
—á–µ–≥–æ —è –µ—â—ë –Ω–µ —á—É–≤—Å—Ç–≤—É—é?"
Day4_Books1,"–ù–∏ –æ–¥–∏–Ω –∞–≤—Ç–æ—Ä –Ω–µ –ø–∏—Å–∞–ª
–ø—Ä–æ —Ç–∞–∫–æ–µ."
Day4_Books2,"–ú–æ–∂–µ—Ç, –æ—Ç–Ω–µ—Å—Ç–∏ –∏—Ö –Ω–∞ –ø–æ–º–æ–π–∫—É.
–û—Å–≤–æ–±–æ–¥–∏—Ç—å –º–µ—Å—Ç–æ."
Day5_Books0,–ü–æ–ª–∫–∞ –±—É–¥—Ç–æ —Ç—è–∂–µ–ª–µ–µ—Ç...
Day5_Books1,"–í—Å—ë —ç—Ç–æ –¥–∞–≤–∏—Ç,
–∫–∞–∫ —á—É–∂–∏–µ –æ–∂–∏–¥–∞–Ω–∏—è..."
Day5_Books2,"–ö–∞–∂–µ—Ç—Å—è, —è –±–æ–ª—å—à–µ –Ω–µ –º–æ–≥—É
—á–∏—Ç–∞—Ç—å –¥–∞–∂–µ –Ω–∞–∑–≤–∞–Ω–∏—è."
Day6_Books0,"–Ø –Ω–µ —Å—Ç–∞–Ω—É —Å–∏–ª—å–Ω–µ–µ,
–µ—Å–ª–∏ –¥–æ—á–∏—Ç–∞—é –∏—Ö."
Day6_Books1,"–ö–Ω–∏–≥–∏ –∏—Å—á–µ–∑–ª–∏.
–û—Å—Ç–∞–ª–∏—Å—å –ø—Ä–æ—Å—Ç–æ –ø—Ä—è–º–æ—É–≥–æ–ª—å–Ω–∏–∫–∏."
Day6_Books2,–Ø –Ω–µ –º–æ–≥—É.
Day1_Basket0,"–Ø —Ö–æ—Ç–µ–ª–∞ –Ω–∞—É—á–∏—Ç—å—Å—è –≤—è–∑–∞—Ç—å,
–Ω–æ —É –º–µ–Ω—è –Ω–µ —Ö–≤–∞—Ç–∞–µ—Ç —É—Å–∏–¥—á–∏–≤–æ—Å—Ç–∏."
Day1_Basket1,"–ö–æ–≥–¥–∞-–Ω–∏–±—É–¥—å —Ç–æ—á–Ω–æ —Å–¥–µ–ª–∞—é —Å–µ–±–µ —à–∞—Ä—Ñ.
–ò–ª–∏ –∫–æ–º—É-—Ç–æ."
Day1_Basket2,"–¶–≤–µ—Ç–∞ —Ç–∞–∫–∏–µ —É—é—Ç–Ω—ã–µ.
–¢—Ä–æ–≥–∞—Ç—å –ø—Ä–∏—è—Ç–Ω–æ."
Day2_Basket0,"–í—Å—ë –≤—Ä–µ–º—è —á—Ç–æ-—Ç–æ –æ—Ç–≤–ª–µ–∫–∞–µ—Ç.
–ù–µ –¥–æ –Ω–∏—Ç–æ–∫."
Day2_Basket1,"–ù–∞—á–∏–Ω–∞–ª–∞ –ø–∞—Ä—É —Ä–∞–∑.
–ü–æ—Ç–æ–º –±—Ä–æ—Å–∞–ª–∞."
Day2_Basket2,"–ü—É—Ç–∞—é—Ç—Å—è...
...–∫–∞–∫ –º–æ–∏ –º—ã—Å–ª–∏."
Day3_Basket0,"–ö—Ä—é—á–æ–∫ —Å–ª–æ–º–∞–Ω.
–Ø –∏ –Ω–µ –∑–∞–º–µ—Ç–∏–ª–∞ –∫–æ–≥–¥–∞."
Day3_Basket1,"–í—Å—ë –∫–∞–∂–µ—Ç—Å—è —Ç–∞–∫–∏–º —Ç–æ–Ω–∫–∏–º.
–•—Ä—É–ø–∫–∏–º."
Day3_Basket2,"–ù–µ–≤–æ–∑–º–æ–∂–Ω–æ...
—Å–æ—Å—Ä–µ–¥–æ—Ç–æ—á–∏—Ç—å—Å—è..."
Day4_Basket0,"–Ø –¥–∞–∂–µ –Ω–µ –∑–ª—é—Å—å.
–ü—Ä–æ—Å—Ç–æ —Å–º–æ—Ç—Ä—é, –∫–∞–∫ –æ–Ω–æ —É—Ö–æ–¥–∏—Ç..."
Day4_Basket1,–ö–∞–∫ –∏ –≤—Å—ë –æ—Å—Ç–∞–ª—å–Ω–æ–µ.
Day4_Basket2,–ü–∞–º—è—Ç–Ω–∏–∫ –±—ã–ª—ã–º –∞–º–±–∏—Ü–∏—è–º.
Day5_Basket0,–î–∞–∂–µ –∫–ª—É–±–∫–∏ –∫–∞–∂—É—Ç—Å—è —É—Å—Ç–∞–≤—à–∏–º–∏.
Day5_Basket1,–ù–∞–¥–æ –∏—Ö –≤—ã–±—Ä–æ—Å–∏—Ç—å.
Day5_Basket2,"–ü–æ—á–µ–º—É —Ç–∞–∫ —Ç—Ä—É–¥–Ω–æ
–æ—Ç–ø—É—Å—Ç–∏—Ç—å –±–µ—Å–ø–æ–ª–µ–∑–Ω–æ–µ?"
Day6_Basket0,–ú–µ–ª–∫–∞—è –º–æ—Ç–æ—Ä–∏–∫–∞ —Ç–µ–ø–µ—Ä—å –≤—Ä–∞–≥.
Day6_Basket1,–†—É–∫–∏ –Ω–µ —Å–ª—É—à–∞—é—Ç—Å—è.
Day6_Basket2,"–í—Å—ë –≤ —ç—Ç–æ–π –∫–æ—Ä–∑–∏–Ω–∫–µ
–∑–∞—Å—Ç—ã–≤—à–µ–µ ¬´–Ω–µ —Å–ª—É—á–∏–ª–æ—Å—å¬ª."
Day1_Window0,"–Ø –ª—é–±–ª—é —É—Ç—Ä–µ–Ω–Ω–∏–π —Å–≤–µ—Ç.
–í—Å—ë –∫–∞–∂–µ—Ç—Å—è –≤–æ–∑–º–æ–∂–Ω—ã–º."
Day1_Window1,–î–∞–∂–µ –ø—Ç–∏—Ü—ã –±—É–¥—Ç–æ —à–µ–ø—á—É—Ç—Å—è.
Day1_Window2,–°–µ–≥–æ–¥–Ω—è —Ö–æ—Ä–æ—à–∏–π –¥–µ–Ω—å.
Day2_Window0,"–°–æ–ª–Ω–µ—á–Ω–æ, –Ω–æ –∫–∞–∫-—Ç–æ —Å—Ç—Ä–∞–Ω–Ω–æ‚Ä¶
–±—É–¥—Ç–æ —Å –æ—Ç—Å—Ä–æ—á–∫–æ–π."
Day2_Window1,"–°–µ–≥–æ–¥–Ω—è –¥–æ–ª–∂–µ–Ω –±—ã–ª –±—ã—Ç—å
—Ö–æ—Ä–æ—à–∏–π –¥–µ–Ω—å. –ù–∞–≤–µ—Ä–Ω–æ–µ."
Day2_Window2,–¢—É–º–∞–Ω?
Day3_Window0,"–ê –≤–µ–¥—å —É –æ—Å—Ç–∞–ª—å–Ω—ã—Ö –∂–∏–∑–Ω—å
–ø—Ä–æ–¥–æ–ª–∂–∞–µ—Ç—Å—è‚Ä¶"
Day3_Window1,"–õ—é–¥–∏ –∏–¥—É—Ç,
–∞ –º–Ω–µ –±—É–¥—Ç–æ –Ω–µ–ª—å–∑—è."
Day3_Window2,–ú–∏—Ä –∑–∞ –æ–∫–Ω–æ–º –±—É–¥—Ç–æ –Ω–µ –≤ —Ñ–æ–∫—É—Å–µ.
Day4_Window0,–®—É–º –¥–æ–∂–¥—è –º–µ—à–∞–µ—Ç –¥—É–º–∞—Ç—å.
Day4_Window1,"–õ—É–∂–∏ –æ—Ç—Ä–∞–∂–∞—é—Ç –ø–æ—Ç–æ–ª–æ–∫.
–î–∞–∂–µ –Ω–µ–±–æ –Ω–µ –≤–∏–¥–Ω–æ."
Day4_Window2,"–í—Å—ë —Å—Ç–∞–ª–æ —Å–µ—Ä—ã–º,
–¥–∞–∂–µ –¥–µ—Ä–µ–≤—å—è."
Day5_Window0,–ì—Ä–æ–º –≥–¥–µ-—Ç–æ –¥–∞–ª–µ–∫–æ.
Day5_Window1,"–ü—Ä–æ—Å—Ç–æ –≤–æ–¥–∞ –∏ —Å—Ç–µ–∫–ª–æ.
–í—Å—ë."
Day5_Window2,–°–≤–µ—Ç–∞ –ø–æ—á—Ç–∏ –Ω–µ—Ç.
Day6_Window0,"–ì—Ä–æ–∑–∞.
–ú–æ–ª–Ω–∏–∏ –∫–∞–∫ —Ä–≤–∞–Ω—ã–µ –º—ã—Å–ª–∏."
Day6_Window1,"–ú–∏—Ä –∑–∞ –æ–∫–Ω–æ–º –≤–∑–±–µ—Å–∏–ª—Å—è.
–ê —è –±—É–¥—Ç–æ –æ—Å—Ç–∞–ª–∞—Å—å –æ–¥–Ω–∞."
Day6_Window2,"–ù–µ –≤–∏–∂—É –Ω–∏—á–µ–≥–æ.
–î–∞–∂–µ —Å–µ–±—è –≤ –æ—Ç—Ä–∞–∂–µ–Ω–∏–∏."
Hint_Switch,–í—ã–±—Ä–∞—Ç—å
Hint_Interact,–í–∑–∞–∏–º–æ–¥–µ–π—Å—Ç–≤–∏–µ
Day1_CardHeader0,–ñ–ö–•
Day1_CardContent0,"–°—á—ë—Ç –∑–∞ –æ—Ç–æ–ø–ª–µ–Ω–∏–µ:
360"
Day1_CardHeader1,–ë—É—Ö–≥–∞–ª—Ç–µ—Ä–∏—è
Day1_CardContent1,"–ü–æ–¥–ø–∏—à–∏—Ç–µ –≤–µ–¥–æ–º–æ—Å—Ç—å
–∑–∞ –∞–ø—Ä–µ–ª—å"
Day1_CardHeader2,–ì–æ—Å—É—Å–ª—É–≥–∏
Day1_CardContent2,"–ù–∞–ª–æ–≥–æ–≤–∞—è —Ñ–æ—Ä–º–∞:
–æ—Å—Ç–∞–ª–æ—Å—å 3 –¥–Ω—è"
Day1_CardHeader3,–Ø–≥–æ–¥–∫–∏
Day1_CardContent3,"–ü–æ—Å—ã–ª–∫–∞ –≤ –ø—É–Ω–∫—Ç–µ
–≤—ã–¥–∞—á–∏"
Day1_CardHeader4,HR
Day1_CardContent4,"–ó–∞–ø–æ–ª–Ω–∏—Ç–µ —Ç–∞–±–µ–ª—å
–¥–æ –ø—è—Ç–Ω–∏—Ü—ã"
Day1_CardHeader5,SelfGuru
Day1_CardContent5,"–û—Ç–∫—Ä–æ–π —Å–∏–ª—É –≤–Ω—É—Ç—Ä–∏.
–¢–æ–ª—å–∫–æ —Å–µ–≥–æ–¥–Ω—è -70%"
Day1_CardHeader6,BeautyBox
Day1_CardContent6,"–¢—ã –¥–æ—Å—Ç–æ–π–Ω–∞ –ª—É—á—à–µ–≥–æ
—É—Ö–æ–¥–∞!"
Day1_CardHeader7,"–¢–∞—Ç—å—è–Ω–∞, –Ω—É—Ç—Ä–∏—Ü–∏–æ–ª–æ–≥"
Day1_CardContent7,"5 —à–∞–≥–æ–≤ –∫ –∂–∏–∑–Ω–∏
–±–µ–∑ —Ç–æ–∫—Å–∏–Ω–æ–≤"
Day1_CardHeader8,–ü—É—à–∏—Å—Ç–∏–∫ –¥–Ω—è
Day1_CardContent8,"–ö–æ—Ç –¥–Ω—è:
—Å–µ–≥–æ–¥–Ω—è –æ–Ω —É–ª—ã–±–∞–µ—Ç—Å—è
–¥–ª—è —Ç–µ–±—è!"
Day1_CardHeader9,–ù–µ–∏–∑–≤–µ—Å—Ç–Ω–æ
Day1_CardContent9,"üåàüí∞–ü–û–ü–†–û–ë–£–ô
–°–ï–ô–ß–ê–°üí∞üåà"
Day1_CardHeader10,–ú–∞–º–∞
Day1_CardContent10,"–¢—ã –∫–∞–∫? –ù–∞–¥–µ—é—Å—å,
—É —Ç–µ–±—è –≤—Å—ë —Ö–æ—Ä–æ—à–æ"
Day1_CardHeader11,–ö–∏—Ä–∞
Day1_CardContent11,"–°–º–æ—Ç—Ä–∏, –Ω–∞—à–∞ –∫–æ—à–∫–∞
—Ç–∞–∫ –≤—ã—Ä–æ—Å–ª–∞!"
Day1_CardHeader12,–î–∂—É–Ω
Day1_CardContent12,"–¢—ã –µ—â—ë –ø–∏—à–µ—à—å —Ç–µ–∫—Å—Ç—ã?
–ù–∞–º –Ω—É–∂–µ–Ω —á–µ–ª–æ–≤–µ–∫
–Ω–∞ –ø–æ–¥–º–µ–Ω—É"
Day1_CardHeader13,–°–∞—à–∞
Day1_CardContent13,"–ü—Ä–∏–≤–µ—Ç!
–ù–∞—à–ª–∞ —Ç–≤–æ—é —Å—Ç–∞—Ä—É—é —Ñ–æ—Ç–∫—É,
—Ç–∞–∫ —É—é—Ç–Ω–æ —Å—Ç–∞–ª–æ!"
Day1_CardHeader14,–ö–µ–π
Day1_CardContent14,"–ü—Ä–∏–≤–µ—Ç. –ù–∞–¥–µ—é—Å—å,
—É —Ç–µ–±—è —Å–µ–π—á–∞—Å –≤—Å—ë
—Å—Ç–∞–±–∏–ª—å–Ω–æ"
Day2_CardHeader0,–†–µ–¥–∫–æ–ª–ª–µ–≥–∏—è
Day2_CardContent0,"–ü—Ä–∏—à–ª–∏—Ç–µ —Ç–µ–º—É
—Å–ª–µ–¥—É—é—â–µ–≥–æ –º–∞—Ç–µ—Ä–∏–∞–ª–∞"
Day2_CardHeader1,–ñ–ö–•
Day2_CardContent1,"–ü–µ–Ω–∏ –∑–∞ –≤–æ–¥—É:
+112"
Day2_CardHeader2,–ë—É—Ö–≥–∞–ª—Ç–µ—Ä–∏—è
Day2_CardContent2,"–ó–∞—Ä–ø–ª–∞—Ç–∞ –∑–∞—á–∏—Å–ª–µ–Ω–∞.
–ü—Ä–æ–≤–µ—Ä—å—Ç–µ —Ä–µ–∫–≤–∏–∑–∏—Ç—ã"
Day2_CardHeader3,–Ø–≥–æ–¥–∫–∏
Day2_CardContent3,"–£–≤–µ–¥–æ–º–ª–µ–Ω–∏–µ:
–¥–æ—Å—Ç–∞–≤–∫–∞ –Ω–µ —É–¥–∞–ª–∞—Å—å"
Day2_CardHeader4,–ê–≤—Ç–æ–º–∞—Ç–∏—á–µ—Å–∫–∞—è —Å–∏—Å—Ç–µ–º–∞
Day2_CardContent4,"–°—Ä–æ–∫ –≤—ã–ø–æ–ª–Ω–µ–Ω–∏—è
–∑–∞–¥–∞—á–∏ –∏—Å—Ç–µ–∫–∞–µ—Ç
—á–µ—Ä–µ–∑ 6 —á–∞—Å–æ–≤"
Day2_CardHeader5,–ü–ª–∞–Ω–µ—Ä
Day2_CardContent5,"–¢–≤–æ–∏ —Ü–µ–ª–∏ —Å–∫—É—á–∞—é—Ç
–ø–æ —Ç–µ–±–µ!"
Day2_CardHeader6,–¢–∞–Ω—Ü—ã
Day2_CardContent6,"–ù–∞—á–Ω–∏ –Ω–µ–¥–µ–ª—é
—Å —Ç–∞–Ω—Ü–∞!"
Day2_CardHeader7,ImgaGirl
Day2_CardContent7,"5 –ø–æ–∑
–¥–ª—è —É–≤–µ—Ä–µ–Ω–Ω–æ—Å—Ç–∏
–Ω–∞ —Ñ–æ—Ç–æ"
Day2_CardHeader8,Digital
Day2_CardContent8,"–ù–µ —Ç–æ—Ä–º–æ–∑–∏!
–ú–∏—Ä –Ω–µ –∂–¥—ë—Ç!"
Day2_CardHeader9,–ò–Ω—Ñ–æ
Day2_CardContent9,"–í–∞—à–µ–º—É –≤–Ω–∏–º–∞–Ω–∏—é
–ø—Ä–µ–¥–ª–∞–≥–∞–µ—Ç—Å—è..."
Day2_CardHeader10,–ú–∞–º–∞
Day2_CardContent10,"–°–µ–≥–æ–¥–Ω—è –±—ã–ª –¥–æ–∂–¥—å.
–ù–∞–¥–µ—é—Å—å, —Ç—ã –≤–∑—è–ª–∞ –∑–æ–Ω—Ç?"
Day2_CardHeader11,–°–∞—à–∞
Day2_CardContent11,"–ü—Ä–∏–≤–µ—Ç!
–£ —Ç–µ–±—è –µ—Å—Ç—å —Ä–µ—Ü–µ–ø—Ç
—Ç–æ–π –∑–∞–ø–µ–∫–∞–Ω–∫–∏
—Å —Ç–≤–æ—Ä–æ–≥–æ–º?"
Day2_CardHeader12,–ê–Ω–Ω–∞
Day2_CardContent12,"–¢—ã –Ω–µ –ø–æ–≤–µ—Ä–∏—à—å,
–Ω–∞ –≤–æ–∫–∑–∞–ª–µ –∏–≥—Ä–∞–ª–∏
—Ç–≤–æ—é –ª—é–±–∏–º—É—é –ø–µ—Å–Ω—é!"
Day2_CardHeader13,–ú–∞–º–∞
Day2_CardContent13,"–ü–æ–º–Ω–∏—à—å, —Ç—ã –ø—Ä–æ—Å–∏–ª–∞
–Ω–∞–ø–æ–º–Ω–∏—Ç—å –ø—Ä–æ –ø–ª–∞—Ç—ë–∂
–∑–∞ —Ç–µ–ª–µ—Ñ–æ–Ω?"
Day2_CardHeader14,–ú–µ–¥—Ü–µ–Ω—Ç—Ä 
Day2_CardContent14,"–†–µ–∑—É–ª—å—Ç–∞—Ç—ã –æ–±—Å–ª–µ–¥–æ–≤–∞–Ω–∏—è...
...—Ä–µ–∫–æ–º–µ–Ω–¥–æ–≤–∞–Ω–æ —Å—Ä–æ—á–Ω–æ–µ
–æ–±—Ä–∞—â–µ–Ω–∏–µ..."
Day3_CardHeader0,–†–µ–¥–∞–∫—Ç–æ—Ä
Day3_CardContent0,"–ù—É–∂–µ–Ω —Ç–µ–∫—Å—Ç –¥–æ –≤–µ—á–µ—Ä–∞.
–ë–µ–∑ –æ—Ç—Å—Ä–æ—á–µ–∫"
Day3_CardHeader1,–ö–ª–∏–µ–Ω—Ç
Day3_CardContent1,"–§–æ—Ä–º—É–ª–∏—Ä–æ–≤%#?
–ø–µ—Ä@%—Ä–µ–¥–∞–∫—Ç–∏—Ä—É–π"
Day3_CardHeader2,–ú–µ–¥—Ü–µ–Ω—Ç—Ä
Day3_CardContent2,–û–ø–ª–∞—Ç–∞ –ø—Ä–æ—à–ª–∞
Day3_CardHeader3,–ê–Ω–Ω–∞
Day3_CardContent3,"–í–∞—à–∞ —Å—Ç–∞—Ç—å—è?
–ü–æ—Å—Ç—É–ø–ª@@@ –≤
—á–µ—Ä–Ω–æ–≤–∏–∫–∏"
Day3_CardHeader4,IT
Day3_CardContent4,"–í–∞—à –ø–∞—Ä–æ–ª—å —É—Å—Ç–∞—Ä–µ–ª.
–°–º–µ–Ω–∏—Ç–µ –≤ —Ç–µ—á–µ–Ω–∏–µ
24 —á–∞—Å–æ–≤"
Day3_CardHeader5,–ú–µ–¥–ú–µ–¥
Day3_CardContent5,"5 —Å–∏–º–ø—Ç–æ–º–æ–≤,
–∫–æ—Ç–æ—Ä—ã–µ –Ω–µ–ª—å–∑—è
–∏–≥–Ω–æ—Ä–∏—Ä–æ–≤–∞—Ç—å"
Day3_CardHeader6,LifeCoach
Day3_CardContent6,"–¢—ã –≤—Å—ë –µ—â—ë –º–æ–∂–µ—à—å
–≤—Å—ë –∏–∑–º–µ–Ω–∏—Ç—å!"
Day3_CardHeader7,–ú–µ–¥–û–∫
Day3_CardContent7,"–ú—ã –∑–∞–º–µ—Ç–∏–ª–∏:
–≤—ã –º–µ–Ω—å—à–µ –≤—ã—Ö–æ–¥–∏—Ç–µ
–∏–∑ –¥–æ–º–∞"
Day3_CardHeader8,–†–∞—Å—Å—ã–ª–∫–∞
Day3_CardContent8,"–¢–≤–æ—è –±–æ–ª—å
—ç—Ç–æ —Ç–æ—á–∫–∞ —Ä–æ—Å—Ç–∞"
Day3_CardHeader9,–§–∏—Ç–Ω–µ—Å
Day3_CardContent9,"–ù–∞@–æ_#–∏—à—å –ª–∏
—Ç—ã —Ä–∞–¥@—Å—Ç—å –≤
–ø%–≤—Ç&—Ä–Ω—ã_—Ö –¥%–ª@—Ö?"
Day3_CardHeader10,–ö–∏—Ä–∞
Day3_CardContent10,"–¢—ã –Ω–µ –ø—Ä–æ–ø–∞–ª–∞?
–Ø —Ç—É—Ç –∫—É–ø–∏–ª–∞ –Ω–æ–≤—É—é
–∫—Ä—É–∂–∫—É —Å –ª–∏—Å–æ–π
–∏ –≤—Å–ø–æ–º–Ω–∏–ª–∞ —Ç–µ–±—è."
Day3_CardHeader11,–ú–∞–º–∞
Day3_CardContent11,"–Ø –ø–æ–Ω–∏–º–∞—é,
—á—Ç–æ —Ç—ã –º–æ–∂–µ—à—å –±—ã—Ç—å
–∑–∞–Ω—è—Ç–∞. –ü—Ä–æ—Å—Ç–æ –Ω–∞–ø–∏—à–∏
–ø–∞—Ä—É —Å–ª–æ–≤, –µ—Å–ª–∏ –≤—Å—ë
–Ω–æ—Ä–º–∞–ª—å–Ω–æ."
Day3_CardHeader12,–°–∞—à–∞
Day3_CardContent12,–î–µ—Ä–∂–∏—Å—å!
Day3_CardHeader13,–ù–ï –û–¢–í–ï–ß–ê–¢–¨
Day3_CardContent13,"–ü—Ä–∏–≤–µ—Ç!
–í–¥—Ä—É–≥ —Ä–µ—à–∏—à—å –≤–µ—Ä–Ω—É—Ç—å—Å—è,
—É –Ω–∞—Å –æ—Å–≤–æ–±–æ–¥–∏–ª–æ—Å—å –º–µ—Å—Ç–æ."
Day3_CardHeader14,–ö–µ–π
Day3_CardContent14,–≠—Ç–æ –≤—Å–µ –æ—Ç —Å—Ç—Ä–µ—Å—Å–∞!
Day4_CardHeader0,–†–µ–¥–∞–∫—Ç0—Ä
Day4_CardContent0,‚ñå‚ñå‚ñå –∂‚Ä¢‚Ä¢‚Ä¢‚Ä¢–∂‚Ä¢‚Ä¢–∂‚Ä¢‚Ä¢‚Ä¢ ‚ñå
Day4_CardHeader1,–ö–ª–∏–µ–Ω—Ç
Day4_CardContent1,"–ü–æ—á–µ–º—É –≤—ã –Ω–µ
–æ—Ç–≤–µ—Ç–∏–ª–∏ –Ω–∞ –ø—Ä–∞–≤–∫–∏?"
Day4_CardHeader2,–ê–≤—Ç–æ—Å–∏—Å—Ç–µ–º–∞
Day4_CardContent2,–û—à–∏–±–∫–∞ —Å–æ–µ–¥–∏–Ω–µ–Ω–∏—è
Day4_CardHeader3,HR
Day4_CardContent3,"–§–∞–π–ª –Ω–µ –æ—Ç–ø—Ä##–≤–ª–µ–Ω.
–ü–æ–ø—Ä–æ–±—É–π—Ç–µ —Å–Ω–æ–≤–∞."
Day4_CardHeader4, ‚ñà‚ñà‚ñà‚ñà‚ñà
Day4_CardContent4,...–¥–æ–ª–∂–Ω—ã... ‚ñì‚ñì‚ñì..
Day4_CardHeader5,–ì—É—Ä—É
Day4_CardContent5,"–û–±—Ä–µ—Ç–∏ –≥–∞—Ä–º–æ–Ω–∏—é
–∑–∞ 5 –º–∏–Ω—É—Ç –≤ –¥–µ–Ω—å!"
Day4_CardHeader6,[–Ω–µ–∏–∑–≤.]
Day4_CardContent6,–ë–æ–ª—å ‚Äî —ç—Ç–æ –≤—ã–±–æ—Ä
Day4_CardHeader7,SelfHelpPro
Day4_CardContent7,"–ó–Ω–∞–µ—à—å, –ø–æ—á–µ–º—É
—Ç—ã –≤—Å—ë –µ—â—ë
–Ω–µ —Å—á–∞—Å—Ç–ª–∏–≤–∞?"
Day4_CardHeader8,CareYou
Day4_CardContent8,"–¢–µ–±–µ —Å–ª–æ–∂–Ω–æ
–≤—Å—Ç–∞–≤–∞—Ç—å –ø–æ —É—Ç—Ä–∞–º?
–ú—ã —Ä—è–¥–æ–º"
Day4_CardHeader9,!!!
Day4_CardContent9,–¢—ã –µ–ª–∞ —Å–µ–≥–æ–¥–Ω—è?
Day4_CardHeader10,–ú–∞–º–∞
Day4_CardContent10,"–ù—É–∂–Ω–æ –ø–æ–∑–∏—Ç–∏–≤–Ω–æ
–º—ã—Å–ª–∏—Ç—å."
Day4_CardHeader11,–ö–æ–ª–ª–µ–≥–∞
Day4_CardContent11,–í—Å—ë –±—É–¥–µ—Ç —Ö–æ—Ä–æ—à–æ.
Day4_CardHeader12,–ê–Ω–Ω–∞
Day4_CardContent12,–ó–∞—Ç–æ –ø–æ—Ö—É–¥–µ–µ—à—å.
Day4_CardHeader13,–°–∞—à–∞
Day4_CardContent13,"–ê –≤–æ—Ç —É –º–æ–µ–π —Ç–µ—Ç–∏
—Ç–æ–∂–µ –±—ã–ª–æ —Ç–∞–∫–æ–µ‚Ä¶"
Day4_CardHeader14,–ö–∏—Ä–∞
Day4_CardContent14,–î–µ—Ä–∂–∏—Å—å!
Day5_CardHeader0,HR
Day5_CardContent0,"–£–ª—ã–±–∞–π—Ç–µ—Å—å.
–í—ã –≤ —Ä–µ—Å—É—Ä—Å–µ!"
Day5_CardHeader1,–†–µ–¥–∞–∫—Ç–æ—Ä
Day5_CardContent1,"–ñ–¥—ë–º, –∫–∞–∫ –≤—Å–µ–≥–¥–∞.
–í—ã –≤–µ–¥—å —É –Ω–∞—Å –±–æ–µ—Ü?"
Day5_CardHeader2,–ê–≤—Ç–æ—Å–∏—Å—Ç–µ–º–∞
Day5_CardContent2,"–í—ã –Ω–µ –∑–∞–≤–µ—Ä—à–∏–ª–∏
—Å—á–∞—Å—Ç–ª–∏–≤—ã–π –ø–æ–Ω–µ–¥–µ–ª—å–Ω–∏–∫.
–ü–æ–≤—Ç–æ—Ä–∏—Ç—å?"
Day5_CardHeader3,–ò–Ω—Ñ–æ
Day5_CardContent3,"–í–∞—à–µ –∑–¥–æ—Ä–æ–≤—å–µ
–≤ –≤–∞—à–∏—Ö —Ä—É–∫–∞—Ö.
–ù–µ –∑–∞–±—É–¥—å—Ç–µ –ø—Ä–æ–≤–µ—Ä–∏—Ç—å!"
Day5_CardHeader4,–ö–∞–ª–µ–Ω–¥–∞—Ä—å
Day5_CardContent4,"–£ –≤–∞—Å —Å–∫–æ—Ä–æ –¥–µ–Ω—å —Ä–æ–∂–¥–µ–Ω–∏—è.
–ù–∞—á–Ω–µ—Ç–µ –Ω–æ–≤—É—é –∂–∏–∑–Ω—å?"
Day5_CardHeader5,–ê–Ω–Ω–∞
Day5_CardContent5,"–¢—ã –Ω–µ –æ–¥–Ω–∞.
–¢—ã –Ω–µ –æ–¥–Ω–∞.
–¢—ã –Ω–µ –æ–¥–Ω–∞.
–¢... %$#!"
Day5_CardHeader6,–°–ª—É–∂–±–∞ –ü–æ–¥–¥–µ—Ä–∂–∫–∏
Day5_CardContent6,...........
Day5_CardHeader7,–ê–Ω–Ω–∞
Day5_CardContent7,"–¢—ã –Ω–µ –æ–¥–Ω–∞.
–¢—ã –Ω–µ –æ–¥–Ω–∞.
–¢—ã –Ω–µ –æ–¥–Ω–∞.
–¢... %$#!"
Day5_CardHeader8,‚Äî
Day5_CardContent8,"...–æ_–Ω_–∞ –Ω_–µ _–æ—Ç_–≤**—á–∞–µ—Ç...
–¢# _—Ç#–º?"
Day5_CardHeader9,<<NULL>>
Day5_CardContent9,"–ü–ï–†–ï–ó–ê–ì–†–£%–ö@...
–ü–ï–†–ï–ó–ê–ì–†–£%–ö@...
%$!$!"
Day5_CardHeader10,–ö–∏—Ä–∞
Day5_CardContent10,"–í–æ—Ç, –ø–æ—á–∏—Ç–∞–π –∏—Å—Ç–æ—Ä–∏–∏,
—Ç–µ—Ö –∫—Ç–æ –≤—ã–ª–µ—á–∏–ª—Å—è‚Ä¶"
Day5_CardHeader11,–ú–∞–º–∞
Day5_CardContent11,–¢—ã —Å–ø—Ä–∞–≤–∏—à—å—Å—è.
Day5_CardHeader12,‚Äî
Day5_CardContent12,–î–µ—Ä–∂–∏—Å—å.
Day5_CardHeader13,‚Äî
Day5_CardContent13,–î–µ—Ä–∂–∏—Å—å.
Day5_CardHeader14,‚Äî
Day5_CardContent14,–î–µ—Ä–∂–∏—Å—å.